-- =============================================================
-- Dummy Data for Testing — CRV Ticket System
-- Run AFTER schema.sql
-- =============================================================

-- -------------------------------------------------------------
-- Employees (password for all: 12345678)
-- -------------------------------------------------------------
INSERT IGNORE INTO `employees` (`id`, `branch_id`, `name`, `username`, `email`, `password`, `role`, `status`) VALUES
(1, NULL, 'مدير النظام', 'admin', 'admin@crv.com', '$2y$10$4fQmkL8X3Mgm/pPM4.Y4AuLPTR13X6DQl9TwYjnI5wnc8RjBtsSBq', 'admin', 'active'),
(2, 1, 'أحمد محمد', 'ahmed', 'ahmed@crv.com', '$2y$10$4fQmkL8X3Mgm/pPM4.Y4AuLPTR13X6DQl9TwYjnI5wnc8RjBtsSBq', 'employee', 'active');

-- -------------------------------------------------------------
-- Support Tickets (20 rows)
-- -------------------------------------------------------------
INSERT IGNORE INTO `support_tickets` (`id`, `branch_id`, `category_id`, `employee_id`, `ticket_number`, `subject`, `description`, `priority`, `status`) VALUES
(1, 1, 1, 2, 'CRV-100001', 'مشكلة في شبكة الإنترنت', 'سرعة الإنترنت بطيئة جداً في فرع القاهرة، نحتاج إلى ترقية الباقة.', 'high', 'open'),
(2, 1, 2, 2, 'CRV-100002', 'طلب إجازة سنوية', 'أحتاج لتقديم طلب إجازة سنوية لمدة 10 أيام الشهر القادم.', 'medium', 'in_progress'),
(3, 2, 3, 2, 'CRV-100003', 'مشكلة في صرف الرواتب', 'لم يتم صرف راتب شهر فبراير حتى الآن.', 'high', 'closed'),
(4, 1, 4, 2, 'CRV-100004', 'طلب توريد مستلزمات مكتبية', 'نحتاج إلى توريد مستلزمات مكتبية لفرع القاهرة.', 'low', 'open'),
(5, 3, 1, 2, 'CRV-100005', 'عطل في طابعة', 'الطابعة الرئيسية في فرع الإسكندرية لا تعمل.', 'medium', 'in_progress'),
(6, 2, 2, 2, 'CRV-100006', 'طلب تدريب للموظفين', 'نحتاج إلى تنظيم دورة تدريبية للموظفين الجدد.', 'low', 'open'),
(7, 1, 3, 2, 'CRV-100007', 'تسوية مالية', 'طلب تسوية مالية لمصروفات السفر.', 'medium', 'closed'),
(8, 3, 4, 2, 'CRV-100008', 'تأخير في وصول الشحنات', 'الشحنة رقم 12345 متأخرة عن موعدها المقرر.', 'high', 'in_progress'),
(9, 1, 1, 2, 'CRV-100009', 'تركيب برامج جديدة', 'نحتاج إلى تركيب حزمة أوفيس على أجهزة القسم.', 'low', 'open'),
(10, 2, 2, 2, 'CRV-100010', 'شكوى من بيئة العمل', 'درجة حرارة المكتب مرتفعة جداً ويحتاج إلى صيانة مكيف الهواء.', 'medium', 'open'),
(11, 1, 4, 2, 'CRV-100011', 'طلب نقل موظف', 'طلب نقل الموظف سامي عبدالله إلى فرع الجيزة.', 'low', 'in_progress'),
(12, 3, 1, 2, 'CRV-100012', 'اختراق أمني', 'اشتباه في محاولة اختراق لنظام الشركة.', 'high', 'closed'),
(13, 2, 3, 2, 'CRV-100013', 'مشكلة في بدلات السفر', 'لم يتم صرف بدلات السفر للموظفين.', 'medium', 'open'),
(14, 1, 2, 2, 'CRV-100014', 'طلب توظيف', 'فتح باب التقديم لوظيفة محاسب في فرع القاهرة.', 'low', 'closed'),
(15, 3, 4, 2, 'CRV-100015', 'صيانة مصعد', 'المصعد في مبنى الإسكندرية متوقف عن العمل.', 'high', 'in_progress'),
(16, 1, 1, 2, 'CRV-100016', 'نسخ احتياطي للبيانات', 'طلب عمل نسخ احتياطي لقواعد البيانات.', 'medium', 'open'),
(17, 2, 3, 2, 'CRV-100017', 'مخالفة مالية', 'وجود مخالفة مالية في كشف الحساب الشهري.', 'high', 'in_progress'),
(18, 1, 4, 2, 'CRV-100018', 'طلب تحسين الخدمة', 'اقتراح بتحسين خدمة العملاء.', 'low', 'open'),
(19, 3, 2, 2, 'CRV-100019', 'طلب إجازة مرضية', 'تقدم موظف بطلب إجازة مرضية لمدة أسبوع.', 'medium', 'closed'),
(20, 2, 1, 2, 'CRV-100020', 'تعطل سيرفر', 'أحد السيرفرات في فرع الجيزة توقف عن العمل.', 'high', 'open');

-- -------------------------------------------------------------
-- Support Ticket Replies
-- -------------------------------------------------------------
INSERT IGNORE INTO `support_ticket_replies` (`id`, `ticket_id`, `employee_id`, `reply`, `old_status`, `new_status`) VALUES
(1, 2, 2, 'تم مراجعة الطلب وتحديث الحالة. سيتم التواصل مع قسم الموارد البشرية قريباً.', 'open', 'in_progress'),
(2, 3, 2, 'تم حل المشكلة وصرف الرواتب. يرجى مراجعة الحساب البنكي.', 'in_progress', 'closed'),
(3, 5, 2, 'تم إرسال فني الصيانة لفحص الطابعة.', 'open', 'in_progress'),
(4, 7, 2, 'تمت الموافقة على التسوية المالية وتحويل المبلغ.', 'open', 'closed'),
(5, 8, 2, 'جارٍ التواصل مع شركة الشحن لحل المشكلة.', 'open', 'in_progress'),
(6, 11, 2, 'تمت الموافقة على النقل وسيتم التنسيق مع فرع الجيزة.', 'open', 'in_progress'),
(7, 12, 2, 'تم احتواء الاختراق وتأمين النظام.', 'in_progress', 'closed'),
(8, 14, 2, 'تم إغلاق طلب التوظيف بعد استكمال المقابلات.', 'open', 'closed'),
(9, 15, 2, 'تم التواصل مع شركة الصيانة لتصليح المصعد.', 'open', 'in_progress'),
(10, 17, 2, 'جارٍ مراجعة المخالفة المالية مع قسم المحاسبة.', 'open', 'in_progress'),
(11, 19, 2, 'تمت الموافقة على الإجازة المرضية.', 'open', 'closed');

-- -------------------------------------------------------------
-- Student Tickets (20 rows)
-- -------------------------------------------------------------
INSERT IGNORE INTO `student_tickets` (`id`, `branch_id`, `category_id`, `ticket_number`, `student_name`, `national_id`, `student_code`, `contact_phone`, `subject`, `description`, `priority`, `status`) VALUES
(1, 1, 5, 'CRV-200001', 'محمد علي', '12345678901234', 'STD001', '01012345678', 'مشكلة في المصروفات الدراسية', 'تم دفع المصروفات ولكن لم يتم تحديث النظام. المبلغ مدفوع منذ أسبوع.', 'high', 'open'),
(2, 2, 6, 'CRV-200002', 'سارة أحمد', '29876543210987', 'STD002', '01187654321', 'استفسار عن جدول الامتحانات', 'أريد معرفة مواعيد الامتحانات النهائية للفصل الدراسي الثاني.', 'low', 'in_progress'),
(3, 3, 7, 'CRV-200003', 'خالد محمود', '23456789012345', 'STD003', '01234567890', 'مشكلة في دخول النظام الأكاديمي', 'لا أستطيع تسجيل الدخول إلى النظام الأكاديمي منذ ثلاثة أيام.', 'medium', 'closed'),
(4, 1, 8, 'CRV-200004', 'نورا حسن', '12345678901235', 'STD004', '01023456789', 'شكوى من سوء معاملة', 'أشتكي من سوء معاملة أحد الموظفين في مكتب شؤون الطلاب.', 'high', 'open'),
(5, 2, 5, 'CRV-200005', 'عمر خالد', '29876543210988', 'STD005', '01198765432', 'تأخر في رد المصروفات', 'تم تقديم طلب استرداد المصروفات منذ شهر ولم يتم الرد.', 'medium', 'open'),
(6, 3, 6, 'CRV-200006', 'ليلى محسن', '23456789012346', 'STD006', '01234567891', 'مشكلة في نتيجة الامتحان', 'درجتي في مادة الرياضيات أقل من المتوقع وأريد مراجعة الورقة.', 'high', 'in_progress'),
(7, 1, 7, 'CRV-200007', 'يوسف كريم', '12345678901236', 'STD007', '01034567890', 'منصة التعلم الإلكتروني لا تعمل', 'لا يمكنني فتح محاضرات البث المباشر على منصة التعلم.', 'high', 'open'),
(8, 2, 8, 'CRV-200008', 'مريم جمال', '29876543210989', 'STD008', '01187654322', 'طلب شهادة قيد', 'قدمت طلب شهادة قيد منذ أسبوعين ولم أحصل عليها.', 'low', 'closed'),
(9, 3, 5, 'CRV-200009', 'علياء سامي', '23456789012347', 'STD009', '01234567892', 'خصم خاطئ من المصروفات', 'تم خصم مبلغ إضافي من المصروفات الدراسية بالخطأ.', 'medium', 'in_progress'),
(10, 1, 6, 'CRV-200010', 'حسن إبراهيم', '12345678901237', 'STD010', '01045678901', 'تعديل الجدول الدراسي', 'أريد تعديل الجدول الدراسي لوجود تعارض في المواد.', 'low', 'open'),
(11, 2, 7, 'CRV-200011', 'ندى عصام', '29876543210990', 'STD011', '01176543210', 'البريد الإلكتروني الجامعي لا يعمل', 'لا أستطيع تسجيل الدخول إلى البريد الإلكتروني الجامعي.', 'medium', 'open'),
(12, 3, 8, 'CRV-200012', 'أحمد شوقي', '23456789012348', 'STD012', '01245678901', 'شكوى من الزحام في الكافتيريا', 'زحام شديد في كافتيريا الكلية أثناء الاستراحة.', 'low', 'closed'),
(13, 1, 5, 'CRV-200013', 'دينا مراد', '12345678901238', 'STD013', '01056789012', 'رسوم إضافية غير مبررة', 'ظهور رسوم إضافية في كشف الحساب الدراسي.', 'high', 'in_progress'),
(14, 2, 6, 'CRV-200014', 'مصطفى حسين', '29876543210991', 'STD014', '01165432109', 'طلب تحويل كلية', 'أريد تقديم طلب تحويل إلى كلية أخرى.', 'medium', 'open'),
(15, 3, 7, 'CRV-200015', 'شيماء نصر', '23456789012349', 'STD015', '01256789012', 'مشكلة في طباعة الشهادة', 'حاولت طباعة شهادة التخرج ولكن الموقع لا يعمل.', 'low', 'open'),
(16, 1, 8, 'CRV-200016', 'كريم وليد', '12345678901239', 'STD016', '01067890123', 'عدم وجود مقاعد في المحاضرات', 'القاعة غير كافية لعدد الطلاب في محاضرة الفيزياء.', 'medium', 'in_progress'),
(17, 2, 5, 'CRV-200017', 'هند سعيد', '29876543210992', 'STD017', '01154321098', 'تأخر صرف المنحة', 'لم يتم صرف المنحة الدراسية هذا الشهر.', 'high', 'open'),
(18, 3, 6, 'CRV-200018', 'وليد فتحي', '23456789012350', 'STD018', '01267890123', 'مشكلة في تسجيل المادة', 'نظام التسجيل لا يقبل تسجيلي في مادة التخرج.', 'high', 'in_progress'),
(19, 1, 7, 'CRV-200019', 'رنا جابر', '12345678901240', 'STD019', '01078901234', 'بطء شديد في موقع الكلية', 'موقع الكلية الإلكتروني بطيء جداً ولا يستجيب.', 'medium', 'open'),
(20, 2, 8, 'CRV-200020', 'سامي لطفي', '29876543210993', 'STD020', '01143210987', 'اقتراح لتحسين الخدمات', 'أقتراح بتوفير مواعيد إضافية لخدمة الاستعلام.', 'low', 'closed');

-- -------------------------------------------------------------
-- Student Ticket Replies
-- -------------------------------------------------------------
INSERT IGNORE INTO `student_ticket_replies` (`id`, `ticket_id`, `employee_id`, `reply`, `old_status`, `new_status`) VALUES
(1, 2, 2, 'تم الرد على استفسار الطالبة بخصوص جدول الامتحانات.', 'open', 'in_progress'),
(2, 3, 2, 'تم إعادة تعيين كلمة المرور وإرسال البيانات الجديدة للطالب.', 'in_progress', 'closed'),
(3, 6, 2, 'تم تحديد موعد لمراجعة ورقة الامتحان.', 'open', 'in_progress'),
(4, 8, 2, 'تم تجهيز شهادة القيد ويمكن استلامها من مكتب شؤون الطلاب.', 'open', 'closed'),
(5, 9, 2, 'جارٍ مراجعة المبلغ مع قسم المحاسبة.', 'open', 'in_progress'),
(6, 12, 2, 'تم رفع الشكوى لإدارة الكلية لتحسين الخدمة.', 'open', 'closed'),
(7, 13, 2, 'تم تحديث كشف الحساب وإزالة الرسوم الإضافية.', 'open', 'in_progress'),
(8, 16, 2, 'تم تخصيص قاعة أكبر لمحاضرات الفيزياء.', 'open', 'in_progress'),
(9, 18, 2, 'تم حل مشكلة التسجيل ويمكنك الآن تسجيل المادة.', 'open', 'in_progress'),
(10, 20, 2, 'تم تسجيل الاقتراح وسيتم دراسته من قبل الإدارة.', 'open', 'closed');
