-- =============================================================
-- Dummy Data for Testing — CRV Ticket System
-- Run AFTER schema.sql
-- =============================================================

-- -------------------------------------------------------------
-- Employees (password for all: 12345678)
-- -------------------------------------------------------------
INSERT IGNORE INTO `employees` (`id`, `branch_id`, `name`, `username`, `email`, `password`, `role`, `status`) VALUES
(1, NULL, 'مدير النظام', 'admin', 'admin@crv.com', '$2y$10$4fQmkL8X3Mgm/pPM4.Y4AuLPTR13X6DQl9TwYjnI5wnc8RjBtsSBq', 'admin', 'active'),
(2, 1, 'أحمد محمد', 'ahmed', 'ahmed@crv.com', '$2y$10$4fQmkL8X3Mgm/pPM4.Y4AuLPTR13X6DQl9TwYjnI5wnc8RjBtsSBq', 'employee', 'active');

-- -------------------------------------------------------------
-- Support Tickets (20 rows)
-- -------------------------------------------------------------
INSERT IGNORE INTO `support_tickets` (`id`, `branch_id`, `category_id`, `employee_id`, `ticket_number`, `subject`, `description`, `priority`, `status`) VALUES
(1, 1, 1, 2, 'CRV-100001', 'مشكلة في شبكة الإنترنت', 'سرعة الإنترنت بطيئة جداً في فرع القاهرة، نحتاج إلى ترقية الباقة.', 'high', 'open'),
(2, 1, 2, 2, 'CRV-100002', 'طلب إجازة سنوية', 'أحتاج لتقديم طلب إجازة سنوية لمدة 10 أيام الشهر القادم.', 'medium', 'in_progress'),
(3, 2, 3, 2, 'CRV-100003', 'مشكلة في صرف الرواتب', 'لم يتم صرف راتب شهر فبراير حتى الآن.', 'high', 'closed'),
(4, 1, 4, 2, 'CRV-100004', 'طلب توريد مستلزمات مكتبية', 'نحتاج إلى توريد مستلزمات مكتبية لفرع القاهرة.', 'low', 'open'),
(5, 3, 1, 2, 'CRV-100005', 'عطل في طابعة', 'الطابعة الرئيسية في فرع الإسكندرية لا تعمل.', 'medium', 'in_progress'),
(6, 2, 2, 2, 'CRV-100006', 'طلب تدريب للموظفين', 'نحتاج إلى تنظيم دورة تدريبية للموظفين الجدد.', 'low', 'open'),
(7, 1, 3, 2, 'CRV-100007', 'تسوية مالية', 'طلب تسوية مالية لمصروفات السفر.', 'medium', 'closed'),
(8, 3, 4, 2, 'CRV-100008', 'تأخير في وصول الشحنات', 'الشحنة رقم 12345 متأخرة عن موعدها المقرر.', 'high', 'in_progress'),
(9, 1, 1, 2, 'CRV-100009', 'تركيب برامج جديدة', 'نحتاج إلى تركيب حزمة أوفيس على أجهزة القسم.', 'low', 'open'),
(10, 2, 2, 2, 'CRV-100010', 'شكوى من بيئة العمل', 'درجة حرارة المكتب مرتفعة جداً ويحتاج إلى صيانة مكيف الهواء.', 'medium', 'open'),
(11, 1, 4, 2, 'CRV-100011', 'طلب نقل موظف', 'طلب نقل الموظف سامي عبدالله إلى فرع الجيزة.', 'low', 'in_progress'),
(12, 3, 1, 2, 'CRV-100012', 'اختراق أمني', 'اشتباه في محاولة اختراق لنظام الشركة.', 'high', 'closed'),
(13, 2, 3, 2, 'CRV-100013', 'مشكلة في بدلات السفر', 'لم يتم صرف بدلات السفر للموظفين.', 'medium', 'open'),
(14, 1, 2, 2, 'CRV-100014', 'طلب توظيف', 'فتح باب التقديم لوظيفة محاسب في فرع القاهرة.', 'low', 'closed'),
(15, 3, 4, 2, 'CRV-100015', 'صيانة مصعد', 'المصعد في مبنى الإسكندرية متوقف عن العمل.', 'high', 'in_progress'),
(16, 1, 1, 2, 'CRV-100016', 'نسخ احتياطي للبيانات', 'طلب عمل نسخ احتياطي لقواعد البيانات.', 'medium', 'open'),
(17, 2, 3, 2, 'CRV-100017', 'مخالفة مالية', 'وجود مخالفة مالية في كشف الحساب الشهري.', 'high', 'in_progress'),
(18, 1, 4, 2, 'CRV-100018', 'طلب تحسين الخدمة', 'اقتراح بتحسين خدمة العملاء.', 'low', 'open'),
(19, 3, 2, 2, 'CRV-100019', 'طلب إجازة مرضية', 'تقدم موظف بطلب إجازة مرضية لمدة أسبوع.', 'medium', 'closed'),
(20, 2, 1, 2, 'CRV-100020', 'تعطل سيرفر', 'أحد السيرفرات في فرع الجيزة توقف عن العمل.', 'high', 'open');

-- -------------------------------------------------------------
-- Support Ticket Replies
-- -------------------------------------------------------------
INSERT IGNORE INTO `support_ticket_replies` (`id`, `ticket_id`, `employee_id`, `reply`, `old_status`, `new_status`) VALUES
(1, 2, 2, 'تم مراجعة الطلب وتحديث الحالة. سيتم التواصل مع قسم الموارد البشرية قريباً.', 'open', 'in_progress'),
(2, 3, 2, 'تم حل المشكلة وصرف الرواتب. يرجى مراجعة الحساب البنكي.', 'in_progress', 'closed'),
(3, 5, 2, 'تم إرسال فني الصيانة لفحص الطابعة.', 'open', 'in_progress'),
(4, 7, 2, 'تمت الموافقة على التسوية المالية وتحويل المبلغ.', 'open', 'closed'),
(5, 8, 2, 'جارٍ التواصل مع شركة الشحن لحل المشكلة.', 'open', 'in_progress'),
(6, 11, 2, 'تمت الموافقة على النقل وسيتم التنسيق مع فرع الجيزة.', 'open', 'in_progress'),
(7, 12, 2, 'تم احتواء الاختراق وتأمين النظام.', 'in_progress', 'closed'),
(8, 14, 2, 'تم إغلاق طلب التوظيف بعد استكمال المقابلات.', 'open', 'closed'),
(9, 15, 2, 'تم التواصل مع شركة الصيانة لتصليح المصعد.', 'open', 'in_progress'),
(10, 17, 2, 'جارٍ مراجعة المخالفة المالية مع قسم المحاسبة.', 'open', 'in_progress'),
(11, 19, 2, 'تمت الموافقة على الإجازة المرضية.', 'open', 'closed');

-- -------------------------------------------------------------
-- Student Tickets (20 rows)
-- -------------------------------------------------------------
INSERT IGNORE INTO `student_tickets` (`id`, `branch_id`, `category_id`, `ticket_number`, `student_name`, `national_id`, `student_code`, `contact_phone`, `subject`, `description`, `priority`, `status`) VALUES
(1, 1, 5, 'CRV-200001', 'محمد علي', '12345678901234', 'STD001', '01012345678', 'مشكلة في المصروفات الدراسية', 'تم دفع المصروفات ولكن لم يتم تحديث النظام. المبلغ مدفوع منذ أسبوع.', 'high', 'open'),
(2, 2, 6, 'CRV-200002', 'سارة أحمد', '29876543210987', 'STD002', '01187654321', 'استفسار عن جدول الامتحانات', 'أريد معرفة مواعيد الامتحانات النهائية للفصل الدراسي الثاني.', 'low', 'in_progress'),
(3, 3, 7, 'CRV-200003', 'خالد محمود', '23456789012345', 'STD003', '01234567890', 'مشكلة في دخول النظام الأكاديمي', 'لا أستطيع تسجيل الدخول إلى النظام الأكاديمي منذ ثلاثة أيام.', 'medium', 'closed'),
(4, 1, 8, 'CRV-200004', 'نورا حسن', '12345678901235', 'STD004', '01023456789', 'شكوى من سوء معاملة', 'أشتكي من سوء معاملة أحد الموظفين في مكتب شؤون الطلاب.', 'high', 'open'),
(5, 2, 5, 'CRV-200005', 'عمر خالد', '29876543210988', 'STD005', '01198765432', 'تأخر في رد المصروفات', 'تم تقديم طلب استرداد المصروفات منذ شهر ولم يتم الرد.', 'medium', 'open'),
(6, 3, 6, 'CRV-200006', 'ليلى محسن', '23456789012346', 'STD006', '01234567891', 'مشكلة في نتيجة الامتحان', 'درجتي في مادة الرياضيات أقل من المتوقع وأريد مراجعة الورقة.', 'high', 'in_progress'),
(7, 1, 7, 'CRV-200007', 'يوسف كريم', '12345678901236', 'STD007', '01034567890', 'منصة التعلم الإلكتروني لا تعمل', 'لا يمكنني فتح محاضرات البث المباشر على منصة التعلم.', 'high', 'open'),
(8, 2, 8, 'CRV-200008', 'مريم جمال', '29876543210989', 'STD008', '01187654322', 'طلب شهادة قيد', 'قدمت طلب شهادة قيد منذ أسبوعين ولم أحصل عليها.', 'low', 'closed'),
(9, 3, 5, 'CRV-200009', 'علياء سامي', '23456789012347', 'STD009', '01234567892', 'خصم خاطئ من المصروفات', 'تم خصم مبلغ إضافي من المصروفات الدراسية بالخطأ.', 'medium', 'in_progress'),
(10, 1, 6, 'CRV-200010', 'حسن إبراهيم', '12345678901237', 'STD010', '01045678901', 'تعديل الجدول الدراسي', 'أريد تعديل الجدول الدراسي لوجود تعارض في المواد.', 'low', 'open'),
(11, 2, 7, 'CRV-200011', 'ندى عصام', '29876543210990', 'STD011', '01176543210', 'البريد الإلكتروني الجامعي لا يعمل', 'لا أستطيع تسجيل الدخول إلى البريد الإلكتروني الجامعي.', 'medium', 'open'),
(12, 3, 8, 'CRV-200012', 'أحمد شوقي', '23456789012348', 'STD012', '01245678901', 'شكوى من الزحام في الكافتيريا', 'زحام شديد في كافتيريا الكلية أثناء الاستراحة.', 'low', 'closed'),
(13, 1, 5, 'CRV-200013', 'دينا مراد', '12345678901238', 'STD013', '01056789012', 'رسوم إضافية غير مبررة', 'ظهور رسوم إضافية في كشف الحساب الدراسي.', 'high', 'in_progress'),
(14, 2, 6, 'CRV-200014', 'مصطفى حسين', '29876543210991', 'STD014', '01165432109', 'طلب تحويل كلية', 'أريد تقديم طلب تحويل إلى كلية أخرى.', 'medium', 'open'),
(15, 3, 7, 'CRV-200015', 'شيماء نصر', '23456789012349', 'STD015', '01256789012', 'مشكلة في طباعة الشهادة', 'حاولت طباعة شهادة التخرج ولكن الموقع لا يعمل.', 'low', 'open'),
(16, 1, 8, 'CRV-200016', 'كريم وليد', '12345678901239', 'STD016', '01067890123', 'عدم وجود مقاعد في المحاضرات', 'القاعة غير كافية لعدد الطلاب في محاضرة الفيزياء.', 'medium', 'in_progress'),
(17, 2, 5, 'CRV-200017', 'هند سعيد', '29876543210992', 'STD017', '01154321098', 'تأخر صرف المنحة', 'لم يتم صرف المنحة الدراسية هذا الشهر.', 'high', 'open'),
(18, 3, 6, 'CRV-200018', 'وليد فتحي', '23456789012350', 'STD018', '01267890123', 'مشكلة في تسجيل المادة', 'نظام التسجيل لا يقبل تسجيلي في مادة التخرج.', 'high', 'in_progress'),
(19, 1, 7, 'CRV-200019', 'رنا جابر', '12345678901240', 'STD019', '01078901234', 'بطء شديد في موقع الكلية', 'موقع الكلية الإلكتروني بطيء جداً ولا يستجيب.', 'medium', 'open'),
(20, 2, 8, 'CRV-200020', 'سامي لطفي', '29876543210993', 'STD020', '01143210987', 'اقتراح لتحسين الخدمات', 'أقتراح بتوفير مواعيد إضافية لخدمة الاستعلام.', 'low', 'closed');

-- -------------------------------------------------------------
-- Student Ticket Replies
-- -------------------------------------------------------------
INSERT IGNORE INTO `student_ticket_replies` (`id`, `ticket_id`, `employee_id`, `reply`, `old_status`, `new_status`) VALUES
(1, 2, 2, 'تم الرد على استفسار الطالبة بخصوص جدول الامتحانات.', 'open', 'in_progress'),
(2, 3, 2, 'تم إعادة تعيين كلمة المرور وإرسال البيانات الجديدة للطالب.', 'in_progress', 'closed'),
(3, 6, 2, 'تم تحديد موعد لمراجعة ورقة الامتحان.', 'open', 'in_progress'),
(4, 8, 2, 'تم تجهيز شهادة القيد ويمكن استلامها من مكتب شؤون الطلاب.', 'open', 'closed'),
(5, 9, 2, 'جارٍ مراجعة المبلغ مع قسم المحاسبة.', 'open', 'in_progress'),
(6, 12, 2, 'تم رفع الشكوى لإدارة الكلية لتحسين الخدمة.', 'open', 'closed'),
(7, 13, 2, 'تم تحديث كشف الحساب وإزالة الرسوم الإضافية.', 'open', 'in_progress'),
(8, 16, 2, 'تم تخصيص قاعة أكبر لمحاضرات الفيزياء.', 'open', 'in_progress'),
(9, 18, 2, 'تم حل مشكلة التسجيل ويمكنك الآن تسجيل المادة.', 'open', 'in_progress'),
(10, 20, 2, 'تم تسجيل الاقتراح وسيتم دراسته من قبل الإدارة.', 'open', 'closed');

-- -------------------------------------------------------------
-- Employee Todos (50 per employee = 100 rows)
-- -------------------------------------------------------------
INSERT IGNORE INTO `employee_todos` (`id`, `assigned_by`, `assigned_to`, `title`, `due_date`, `status`, `completed_at`) VALUES
(1, 2, 1, 'مراجعة البريد الإلكتروني اليومي', '2026-06-25', 'done', '2026-06-26 22:33:00'),
(2, 2, 1, 'متابعة تذاكر الدعم الفني', '2026-06-26', 'done', '2026-06-27 22:33:00'),
(3, 2, 1, 'تحديث حالة التذاكر المفتوحة', '2026-06-27', 'done', '2026-06-28 22:33:00'),
(4, 2, 1, 'الرد على استفسارات العملاء', '2026-06-28', 'pending', NULL),
(5, 2, 1, 'مراجعة تقارير الأداء', '2026-06-29', 'pending', NULL),
(6, 2, 1, 'تحديث قاعدة البيانات', '2026-06-30', 'pending', NULL),
(7, 2, 1, 'إعداد جدول المناوبات', '2026-07-01', 'pending', NULL),
(8, 2, 1, 'مراجعة طلبات الإجازات', '2026-07-02', 'pending', NULL),
(9, 2, 1, 'التنسيق مع الفروع الأخرى', '2026-07-03', 'pending', NULL),
(10, 2, 1, 'تحديث ملفات الموظفين', '2026-07-04', 'pending', NULL),
(11, 2, 1, 'إعداد تقرير المبيعات', '2026-07-05', 'pending', NULL),
(12, 2, 1, 'مراجعة المصروفات الشهرية', '2026-07-06', 'pending', NULL),
(13, 2, 1, 'تنظيم أرشفة المستندات', '2026-07-07', 'pending', NULL),
(14, 2, 1, 'متابعة عقود الصيانة', '2026-07-08', 'pending', NULL),
(15, 2, 1, 'تحديث سياسات الأمن', '2026-07-09', 'pending', NULL),
(16, 2, 1, 'إعداد دليل إجراءات العمل', '2026-07-10', 'pending', NULL),
(17, 2, 1, 'مراجعة قائمة المخزون', '2026-07-11', 'pending', NULL),
(18, 2, 1, 'التواصل مع الموردين', '2026-07-12', 'pending', NULL),
(19, 2, 1, 'تحديث قائمة الأسعار', '2026-07-13', 'pending', NULL),
(20, 2, 1, 'إعداد عرض تقديمي', '2026-07-14', 'pending', NULL),
(21, 2, 1, 'مراجعة سجل الحضور', '2026-07-15', 'pending', NULL),
(22, 2, 1, 'متابعة مواعيد التسليم', '2026-07-16', 'pending', NULL),
(23, 2, 1, 'تحديث بيانات العملاء', '2026-07-17', 'pending', NULL),
(24, 2, 1, 'إعداد خطة التدريب', '2026-07-18', 'pending', NULL),
(25, 2, 1, 'مراجعة الميزانية الشهرية', '2026-07-19', 'pending', NULL),
(26, 2, 1, 'تنظيم اجتماع الفريق', '2026-07-20', 'pending', NULL),
(27, 2, 1, 'متابعة طلبات الشراء', '2026-07-21', 'pending', NULL),
(28, 2, 1, 'تحديث بروتوكولات السلامة', '2026-07-22', 'pending', NULL),
(29, 2, 1, 'إعداد تقرير الجودة', '2026-07-23', 'pending', NULL),
(30, 2, 1, 'مراجعة عقود العملاء', '2026-07-24', 'pending', NULL),
(31, 2, 1, 'تحديث موقع الشركة', '2026-06-25', 'done', '2026-06-26 22:33:00'),
(32, 2, 1, 'إعداد حملة تسويقية', '2026-06-26', 'done', '2026-06-27 22:33:00'),
(33, 2, 1, 'مراجعة مؤشرات الأداء', '2026-06-27', 'done', '2026-06-28 22:33:00'),
(34, 2, 1, 'متابعة صيانة الأجهزة', '2026-06-28', 'pending', NULL),
(35, 2, 1, 'تحديث دليل الموظف', '2026-06-29', 'pending', NULL),
(36, 2, 1, 'إعداد خطة الطوارئ', '2026-06-30', 'pending', NULL),
(37, 2, 1, 'مراجعة اللوائح الداخلية', '2026-07-01', 'pending', NULL),
(38, 2, 1, 'تنسيق الدورات التدريبية', '2026-07-02', 'pending', NULL),
(39, 2, 1, 'تحديث قواعد البيانات', '2026-07-03', 'pending', NULL),
(40, 2, 1, 'إعداد تقرير الأرباح', '2026-07-04', 'pending', NULL),
(41, 2, 1, 'مراجعة سياسة الخصوصية', '2026-07-05', 'pending', NULL),
(42, 2, 1, 'متابعة شكاوى العملاء', '2026-07-06', 'pending', NULL),
(43, 2, 1, 'تحديث الإجراءات المالية', '2026-07-07', 'pending', NULL),
(44, 2, 1, 'إعداد دراسة جدوى', '2026-07-08', 'pending', NULL),
(45, 2, 1, 'مراجعة عقود الإيجار', '2026-07-09', 'pending', NULL),
(46, 2, 1, 'تحديث قوائم التوزيع', '2026-07-10', 'pending', NULL),
(47, 2, 1, 'إعداد خطة تسويق', '2026-07-11', 'pending', NULL),
(48, 2, 1, 'مراجعة المخزون الشهري', '2026-07-12', 'pending', NULL),
(49, 2, 1, 'تنسيق فعاليات الشركة', '2026-07-13', 'pending', NULL),
(50, 2, 1, 'إعداد تقرير سنوي', '2026-07-14', 'pending', NULL),
(51, 1, 2, 'مراجعة البريد الإلكتروني اليومي', '2026-06-25', 'done', '2026-06-26 22:33:00'),
(52, 1, 2, 'متابعة تذاكر الدعم الفني', '2026-06-26', 'done', '2026-06-27 22:33:00'),
(53, 1, 2, 'تحديث حالة التذاكر المفتوحة', '2026-06-27', 'done', '2026-06-28 22:33:00'),
(54, 1, 2, 'الرد على استفسارات العملاء', '2026-06-28', 'pending', NULL),
(55, 1, 2, 'مراجعة تقارير الأداء', '2026-06-29', 'pending', NULL),
(56, 1, 2, 'تحديث قاعدة البيانات', '2026-06-30', 'pending', NULL),
(57, 1, 2, 'إعداد جدول المناوبات', '2026-07-01', 'pending', NULL),
(58, 1, 2, 'مراجعة طلبات الإجازات', '2026-07-02', 'pending', NULL),
(59, 1, 2, 'التنسيق مع الفروع الأخرى', '2026-07-03', 'pending', NULL),
(60, 1, 2, 'تحديث ملفات الموظفين', '2026-07-04', 'pending', NULL),
(61, 1, 2, 'إعداد تقرير المبيعات', '2026-07-05', 'pending', NULL),
(62, 1, 2, 'مراجعة المصروفات الشهرية', '2026-07-06', 'pending', NULL),
(63, 1, 2, 'تنظيم أرشفة المستندات', '2026-07-07', 'pending', NULL),
(64, 1, 2, 'متابعة عقود الصيانة', '2026-07-08', 'pending', NULL),
(65, 1, 2, 'تحديث سياسات الأمن', '2026-07-09', 'pending', NULL),
(66, 1, 2, 'إعداد دليل إجراءات العمل', '2026-07-10', 'pending', NULL),
(67, 1, 2, 'مراجعة قائمة المخزون', '2026-07-11', 'pending', NULL),
(68, 1, 2, 'التواصل مع الموردين', '2026-07-12', 'pending', NULL),
(69, 1, 2, 'تحديث قائمة الأسعار', '2026-07-13', 'pending', NULL),
(70, 1, 2, 'إعداد عرض تقديمي', '2026-07-14', 'pending', NULL),
(71, 1, 2, 'مراجعة سجل الحضور', '2026-07-15', 'pending', NULL),
(72, 1, 2, 'متابعة مواعيد التسليم', '2026-07-16', 'pending', NULL),
(73, 1, 2, 'تحديث بيانات العملاء', '2026-07-17', 'pending', NULL),
(74, 1, 2, 'إعداد خطة التدريب', '2026-07-18', 'pending', NULL),
(75, 1, 2, 'مراجعة الميزانية الشهرية', '2026-07-19', 'pending', NULL),
(76, 1, 2, 'تنظيم اجتماع الفريق', '2026-07-20', 'pending', NULL),
(77, 1, 2, 'متابعة طلبات الشراء', '2026-07-21', 'pending', NULL),
(78, 1, 2, 'تحديث بروتوكولات السلامة', '2026-07-22', 'pending', NULL),
(79, 1, 2, 'إعداد تقرير الجودة', '2026-07-23', 'pending', NULL),
(80, 1, 2, 'مراجعة عقود العملاء', '2026-07-24', 'pending', NULL),
(81, 1, 2, 'تحديث موقع الشركة', '2026-06-25', 'done', '2026-06-26 22:33:00'),
(82, 1, 2, 'إعداد حملة تسويقية', '2026-06-26', 'done', '2026-06-27 22:33:00'),
(83, 1, 2, 'مراجعة مؤشرات الأداء', '2026-06-27', 'done', '2026-06-28 22:33:00'),
(84, 1, 2, 'متابعة صيانة الأجهزة', '2026-06-28', 'pending', NULL),
(85, 1, 2, 'تحديث دليل الموظف', '2026-06-29', 'pending', NULL),
(86, 1, 2, 'إعداد خطة الطوارئ', '2026-06-30', 'pending', NULL),
(87, 1, 2, 'مراجعة اللوائح الداخلية', '2026-07-01', 'pending', NULL),
(88, 1, 2, 'تنسيق الدورات التدريبية', '2026-07-02', 'pending', NULL),
(89, 1, 2, 'تحديث قواعد البيانات', '2026-07-03', 'pending', NULL),
(90, 1, 2, 'إعداد تقرير الأرباح', '2026-07-04', 'pending', NULL),
(91, 1, 2, 'مراجعة سياسة الخصوصية', '2026-07-05', 'pending', NULL),
(92, 1, 2, 'متابعة شكاوى العملاء', '2026-07-06', 'pending', NULL),
(93, 1, 2, 'تحديث الإجراءات المالية', '2026-07-07', 'pending', NULL),
(94, 1, 2, 'إعداد دراسة جدوى', '2026-07-08', 'pending', NULL),
(95, 1, 2, 'مراجعة عقود الإيجار', '2026-07-09', 'pending', NULL),
(96, 1, 2, 'تحديث قوائم التوزيع', '2026-07-10', 'pending', NULL),
(97, 1, 2, 'إعداد خطة تسويق', '2026-07-11', 'pending', NULL),
(98, 1, 2, 'مراجعة المخزون الشهري', '2026-07-12', 'pending', NULL),
(99, 1, 2, 'تنسيق فعاليات الشركة', '2026-07-13', 'pending', NULL),
(100, 1, 2, 'إعداد تقرير سنوي', '2026-07-14', 'pending', NULL);
